Store,Total_Sales,Average_Sales,Total_Customers,Average_Customers
1,3716854,3945.704883227176,440523,467.64649681528664
2,3883858,4122.991507430997,457855,486.0456475583864
3,5408261,5741.253715498939,584310,620.2866242038217
4,7556507,8021.7696390658175,1036254,1100.0573248407643
5,3642818,3867.1104033970278,418588,444.36093418259026
6,4297758,4562.375796178344,495483,525.9904458598726
7,6930202,7356.902335456475,745569,791.4745222929936
8,4342857,4610.251592356688,516027,547.7993630573249
9,5112061,5426.816348195329,451677,479.4872611464968
10,4365642,4634.4394904458595,465661,494.33227176220805
11,6296286,6683.955414012738,885992,940.5435244161359
12,5950245,6316.608280254777,703211,746.5084925690021
13,3126578,4124.77308707124,237740,313.6411609498681
14,4291174,4555.386411889596,491913,522.2006369426751
15,5231510,5553.619957537155,520107,552.1305732484077
16,5967891,6335.34076433121,662375,703.1581740976645
17,4954488,5259.541401273886,619090,657.208067940552
18,5130137,5446.005307855627,557785,592.1284501061571
19,5036169,5346.251592356688,486618,516.5796178343949
20,4801543,6334.489445910291,525258,692.9525065963061
21,4259763,4522.041401273886,401213,425.916135881104
22,2801506,3695.9182058047495,312129,411.7796833773087
23,4300299,4565.073248407643,375818,398.9575371549894
24,7313475,7763.773885350319,650800,690.8704883227176
25,8376557,8892.311040339702,1177772,1250.2887473460721
26,5217266,5538.498938428875,434849,461.6231422505308
27,7383809,7838.438428874734,837237,888.7866242038217
28,4080950,4332.218683651805,448196,475.79193205944796
29,5737160,6090.4033970276005,509233,540.5870488322718
30,4114046,4367.352441613588,603828,641.0063694267516
31,4596143,4879.132696390659,459464,487.75371549893845
32,2526117,3332.608179419525,296333,390.94063324538257
33,6572158,6976.813163481953,651485,691.5976645435244
34,6296685,6684.37898089172,778872,826.828025477707
35,7558693,8024.090233545648,568401,603.3980891719746
36,5824183,7683.6187335092345,678178,894.6939313984169
37,5549053,5890.714437367304,609251,646.7632696390658
38,4677617,4965.623142250531,417034,442.71125265392783
39,3780153,4012.9012738853503,490471,520.6698513800425
40,3804215,4038.444798301486,515125,546.8418259023355
41,3318407,4377.845646437995,247531,326.5580474934037
42,7928768,8416.951167728237,856938,909.7006369426751
43,5315050,5642.303609341826,475314,504.5796178343949
44,4295144,4559.6008492569,501806,532.7027600849257
45,4166458,4422.991507430997,323582,343.5053078556263
46,3329125,4391.985488126649,410832,541.9947229551451
47,5601760,5946.666666666667,721790,766.2314225053078
48,3085014,3274.9617834394903,336519,357.2388535031847
49,5675296,6024.7303609341825,413137,438.57430997876855
50,3315479,3519.6167728237792,279505,296.7144373673036
51,4152028,5477.609498680738,309126,407.8179419525066
52,4607742,6078.815303430079,313176,413.1609498680739
53,4127609,4381.750530785563,444300,471.656050955414
54,6207418,6589.615711252654,573426,608.7324840764331
55,3587212,3808.08067940552,435992,462.8365180467091
56,5718290,6070.371549893843,395919,420.29617834394907
57,8155633,8657.784501061571,761161,808.0265392781316
58,3947427,5207.687335092348,319691,421.7559366754617
59,4302026,4566.906581740976,441060,468.21656050955414
60,6265808,6651.6008492569,556509,590.7738853503184
61,3668998,3894.9023354564756,444241,471.59341825902334
62,5066512,5378.462845010616,559309,593.7462845010616
63,5453808,5789.605095541401,500860,531.6985138004246
64,8070070,8566.953290870488,617633,655.6613588110404
65,3988058,4233.607218683652,355602,377.4968152866242
66,4750858,5043.373673036093,407192,432.2632696390658
67,6083079,6457.62101910828,620297,658.4893842887474
68,5929590,6294.6815286624205,903132,958.7388535031847
69,7362059,7815.349256900212,924441,981.359872611465
70,5167478,5485.6454352441615,531054,563.7515923566879
71,7058595,7493.200636942675,581851,617.676220806794
72,2753676,3632.8179419525068,295838,390.287598944591
73,3588351,3809.2898089171977,387402,411.2547770700637
74,4855145,5154.081740976645,662877,703.6910828025477
75,4722388,5013.150743099788,503438,534.4352441613588
76,5606718,7396.7255936675465,578204,762.802110817942
77,5952383,6318.877919320595,517673,549.5467091295117
78,2899629,3078.1624203821657,385990,409.755838641189
79,4253485,4515.376857749469,435499,462.31316348195327
80,5933077,6298.383227176221,450064,477.77494692144376
81,4345098,5732.31926121372,349252,460.754617414248
82,7026310,7458.927813163482,653238,693.4585987261147
83,3028523,3214.992569002123,269409,285.9968152866242
84,10092722,10714.142250530786,1084610,1151.3906581740976
85,6850652,7272.454352441614,956508,1015.4012738853503
86,3652727,3877.629511677282,470659,499.6380042462845
87,4598287,4881.408704883227,578159,613.7569002123142
88,4699058,4988.384288747346,478523,507.98619957537153
89,3714173,4899.96437994723,388237,512.1860158311346
90,6548246,6951.428874734607,822393,873.0286624203821
91,4324904,4591.193205944798,477638,507.04670912951167
92,4671417,4959.041401273886,426158,452.39702760084924
93,4646872,4932.985138004246,470169,499.11783439490443
94,5547371,5888.928874734607,498672,529.375796178344
95,5958064,6324.908704883227,658101,698.6210191082803
96,4037973,4286.595541401274,423364,449.43099787685776
97,5228649,5550.58280254777,537288,570.3694267515923
98,3980584,4225.673036093418,351785,373.4447983014862
99,3191184,4210.005277044855,289554,381.99736147757255
100,4826434,6367.327176781003,415849,548.61345646438
101,5856384,6216.968152866242,609290,646.8046709129512
102,5444156,5779.35881104034,808768,858.5647558386412
103,2959073,3141.2664543524415,266040,282.4203821656051
104,7939205,8428.030785562632,1028904,1092.2547770700637
105,3348791,3554.97983014862,388347,412.2579617834395
106,6718335,7131.990445859873,639877,679.2749469214438
107,5751886,6106.036093418259,748964,795.0785562632697
108,6863994,9055.401055408971,527942,696.4934036939314
109,5068030,5380.074309978769,582023,617.8588110403397
110,3554993,3773.8779193205946,460552,488.9087048832272
111,5288733,5614.366242038216,466784,495.5244161358811
112,4883888,5184.594479830149,608379,645.8375796178344
113,4477826,5907.4221635883905,434973,573.8430079155672
114,4191703,4449.790870488323,476770,506.12526539278133
115,4585191,6049.064643799472,343372,452.99736147757255
116,5711629,6063.30042462845,593708,630.2632696390658
117,3024044,3210.2377919320593,383319,406.9203821656051
118,6085216,6459.889596602972,528277,560.8036093418259
119,4707987,4997.863057324841,521332,553.4309978768578
120,5552990,5894.8938428874735,498431,529.119957537155
121,3473474,3687.339702760085,393208,417.41825902335455
122,5718883,6071.001061571125,702496,745.7494692144373
123,6450589,6847.759023354564,737109,782.4936305732484
124,3446410,3658.6093418259024,409507,434.7208067940552
125,9280089,9851.474522292994,1233970,1309.9469214437368
126,5069540,5381.677282377919,423630,449.71337579617835
127,3263370,4305.23746701847,411023,542.2467018469657
128,5822099,6180.572186836518,464447,493.0435244161359
129,5727451,7556.003957783641,724918,956.3562005277045
130,3999550,4245.806794055202,448095,475.68471337579615
131,4109540,4362.569002123142,435381,462.187898089172
132,3908185,5155.916886543536,362256,477.910290237467
133,5057788,5369.201698513801,593403,629.9394904458599
134,3705099,3933.2261146496817,387764,411.63906581740974
135,4648837,4935.071125265393,421569,447.52547770700636
136,3414045,4504.017150395778,263716,347.910290237467
137,5147039,6790.288918205805,595429,785.5263852242743
138,5721236,6073.498938428875,557266,591.5774946921443
139,4020701,5304.35488126649,319593,421.62664907651714
140,5833328,6192.492569002123,752581,798.9182590233546
141,4305156,4570.229299363057,475445,504.71868365180467
142,3586489,3807.3131634819533,443045,470.32377919320595
143,4919195,5222.075371549894,453411,481.328025477707
144,4823879,6363.956464379948,455556,600.9973614775726
145,5072096,6691.419525065963,770814,1016.9050131926122
146,6086195,6460.928874734607,547187,580.8779193205945
147,6397583,6791.489384288748,685221,727.4108280254777
148,6772949,7189.967091295117,642470,682.0276008492569
149,3462975,4568.568601583113,302428,398.98153034300793
150,6599117,7005.432059447983,643191,682.7929936305733
151,5269496,5593.944798301486,508566,539.8789808917197
152,4317171,4582.984076433121,484073,513.8779193205945
153,5505047,5843.998938428875,493792,524.1953290870488
154,6824045,7244.209129511677,575933,611.3938428874735
155,4290509,5660.302110817942,411372,542.7071240105541
156,5443980,5779.171974522293,557269,591.5806794055202
157,7574054,8040.3970276008495,771078,818.5541401273886
158,6354198,6745.4331210191085,405068,430.0084925690021
159,4827383,6368.579155672824,433591,572.0197889182058
160,4475644,4751.214437367304,436723,463.6125265392781
161,5649774,5997.636942675159,638171,677.463906581741
162,6066911,6440.457537154989,433998,460.71974522292993
163,5722186,6074.507430997877,682711,724.7462845010616
164,3868966,5104.176781002639,394629,520.6187335092349
165,2486031,3279.7242744063324,262891,346.82189973614777
166,4533193,4812.306794055202,636652,675.8513800424629
167,7250708,7697.1422505307855,823044,873.71974522293
168,5840824,6200.450106157113,568177,603.160297239915
169,5529699,5870.168789808918,526944,559.3885350318471
170,3902355,4142.627388535032,423591,449.671974522293
171,6566306,6970.6008492569,675584,717.1804670912951
172,4342600,5729.023746701847,540457,713.0039577836411
173,6454502,6851.912951167728,789125,837.7123142250531
174,3692528,4871.408970976253,298263,393.4868073878628
175,4535086,4814.316348195329,541515,574.8566878980891
176,4111700,4364.861995753716,492327,522.640127388535
177,3115395,3307.2133757961783,378516,401.8216560509554
178,7870142,8354.715498938429,720381,764.7356687898089
179,5683019,6032.928874734607,744593,790.4384288747347
180,5660528,6009.053078556263,661099,701.8036093418259
181,3976421,5245.937994722955,416656,549.6781002638522
182,4142935,4398.02016985138,326297,346.3874734607219
183,2945836,3886.3271767810024,367233,484.47625329815304
184,5123769,5439.245222929936,462834,491.3312101910828
185,5621764,5967.902335456475,427459,453.77813163481954
186,2353548,3104.9445910290237,237019,312.68997361477574
187,4923311,5226.444798301486,608155,645.5997876857749
188,3884836,4124.029723991507,341389,362.4087048832272
189,6826322,7246.626326963907,652121,692.2728237791932
190,4477750,5907.321899736147,408097,538.38654353562
191,4253819,5611.898416886544,444020,585.778364116095
192,5608471,7399.038258575198,401447,529.61345646438
193,4166302,4422.825902335457,607349,644.7441613588111
194,3752516,3983.5626326963907,324514,344.4946921443737
195,8345567,8859.412951167727,1011485,1073.7632696390658
196,4079175,4330.334394904458,544939,578.4915074309979
197,5367788,5698.288747346072,660348,701.0063694267516
198,2268273,2407.933121019108,264690,280.9872611464968
199,6197488,6579.074309978769,486550,516.5074309978769
200,6021315,6392.054140127389,753802,800.2144373673036
201,4089245,4341.024416135881,346044,367.3503184713376
202,4737388,5029.074309978769,397835,422.3301486199575
203,5298238,5624.456475583864,690154,732.6475583864119
204,3412446,4501.90765171504,326039,430.1306068601583
205,5124867,5440.410828025478,689282,731.7218683651805
206,5575733,5919.037154989384,623126,661.4925690021231
207,8768418,9308.299363057326,1019499,1082.2707006369426
208,2302052,2443.791932059448,324162,344.1210191082803
209,4928424,5231.872611464968,509083,540.4278131634819
210,2488114,2641.3099787685774,254156,269.80467091295117
211,10187567,10814.826963906582,1164871,1236.5934182590233
212,3744115,3974.644373673036,361234,383.4755838641189
213,6334081,6724.077494692145,508427,539.7314225053078
214,7269531,7717.124203821656,557336,591.651804670913
215,3920679,5172.399736147757,304466,401.67018469656995
216,5607978,5953.267515923567,688834,731.2462845010616
217,3685496,3912.416135881104,504018,535.0509554140127
218,3121555,4118.146437994723,433160,571.4511873350923
219,2441162,2591.467091295117,316620,336.11464968152865
220,3807392,4041.817409766454,500228,531.0276008492569
221,4564321,4845.351380042463,433356,460.03821656050957
222,3906246,4146.75796178344,440266,467.3736730360934
223,5656109,6004.361995753716,577676,613.2441613588111
224,5151315,5468.487261146497,371919,394.81847133757964
225,4064054,4314.28237791932,435047,461.8333333333333
226,5667944,6016.925690021231,549052,582.8577494692145
227,4623704,4908.390658174098,430968,457.5031847133758
228,6190043,6571.170912951167,462038,490.48619957537153
229,6734738,7149.4033970276005,571982,607.1995753715499
230,5928326,6293.339702760085,737138,782.5244161358811
231,2967114,3914.3984168865436,245380,323.7203166226913
232,2583221,2742.272823779193,232738,247.06794055201698
233,7365681,7819.1942675159235,805731,855.3407643312102
234,8625334,9156.405520169852,798258,847.4076433121019
235,4635585,4921.003184713376,391382,415.47983014861995
236,5581738,5925.411889596603,677994,719.7388535031847
237,3556217,3775.1772823779193,450589,478.33227176220805
238,5868876,6230.229299363057,843640,895.5838641188959
239,3950473,4193.708067940552,367741,390.3832271762208
240,3772636,4004.9214437367305,360447,382.640127388535
241,5128334,5444.091295116773,548976,582.7770700636943
242,3196707,3393.5318471337578,285726,303.31847133757964
243,4407146,5814.176781002639,594010,783.6543535620053
244,4106186,4359.008492569003,420927,446.843949044586
245,6949075,7376.93736730361,797211,846.296178343949
246,5551547,5893.361995753716,734843,780.0881104033971
247,6698411,7110.839702760085,534178,567.067940552017
248,6555942,6959.598726114649,872228,925.932059447983
249,4144086,4399.24203821656,421584,447.54140127388536
250,6615557,7022.884288747346,513850,545.488322717622
251,14896870,15814.087048832273,1908934,2026.4692144373673
252,8269484,8778.645435244161,630702,669.5350318471337
253,4476698,4752.333333333333,538066,571.1953290870488
254,2341661,2485.839702760085,201507,213.9140127388535
255,4885211,5185.998938428875,498843,529.5573248407643
256,7630314,8100.12101910828,967823,1027.4129511677281
257,4183099,4440.657112526539,495496,526.004246284501
258,3509384,4629.79419525066,307197,405.2730870712401
259,10851871,11520.032908704883,2210980,2347.112526539278
260,5143038,5459.700636942675,714576,758.5732484076433
261,9828244,10433.380042462844,739220,784.7346072186837
262,19516842,20718.51592356688,3204694,3402.0106157112527
263,2306075,3042.315303430079,221342,292.00791556728234
264,5512491,5851.901273885351,727234,772.0106157112526
265,3859812,4097.464968152866,392036,416.1740976645435
266,3424011,3634.831210191083,414483,440.0031847133758
267,7282702,7731.1061571125265,881620,935.9023354564756
268,3826840,4062.4628450106156,468855,497.7229299363057
269,7281084,7729.388535031847,959027,1018.0753715498938
270,7284633,7733.156050955414,944773,1002.9437367303609
271,6116519,6493.119957537155,617651,655.6804670912951
272,4871343,5171.277070063694,491687,521.9607218683652
273,5499466,5838.074309978769,548145,581.8949044585987
274,3794012,4027.6135881104033,925235,982.2027600849257
275,4630070,6108.271767810026,466063,614.8588390501319
276,3191132,3387.6135881104033,406340,431.35881104033973
277,4008491,5288.246701846966,332923,439.212401055409
278,5599459,5944.223991507431,621398,659.6581740976645
279,5532919,7299.365435356201,415873,548.6451187335092
280,4869839,5169.680467091295,404863,429.7908704883227
281,4594724,4877.626326963907,430929,457.46178343949043
282,3456330,3669.140127388535,502531,533.4723991507431
283,4425007,5837.740105540897,446799,589.4445910290237
284,3367042,4442.007915567282,279858,369.20580474934036
285,4025996,4273.881104033971,367256,389.8683651804671
286,3838772,4075.129511677282,335325,355.97133757961785
287,5070793,6689.7005277044855,509417,672.0540897097625
288,3499206,4616.366754617415,262806,346.70976253298153
289,4936879,5240.8481953290875,432447,459.0732484076433
290,5464029,5800.455414012738,531828,564.5732484076433
291,6257971,6643.281316348195,655473,695.8312101910828
292,4422953,4695.2791932059445,541196,574.5180467091295
293,4899830,5201.5180467091295,638439,677.7484076433121
294,4506589,4784.064755838641,598265,635.1008492569002
295,4106780,4359.63906581741,521352,553.452229299363
296,5438463,5773.3152866242035,589505,625.8014861995754
297,5432839,5767.3450106157115,559386,593.828025477707
298,5223940,6891.7414248021105,429979,567.2546174142481
299,5499540,5838.152866242038,602255,639.3365180467091
300,5534680,5875.456475583864,687137,729.4447983014862
301,4342138,4609.488322717622,467376,496.1528662420382
302,2922724,3102.67940552017,252528,268.07643312101914
303,4740126,5031.980891719745,516285,548.0732484076433
304,5541079,5882.249469214437,827856,878.828025477707
305,4176274,4433.411889596603,396325,420.72717622080677
306,2717435,3585.006596306069,291021,383.9327176781003
307,2114322,2244.503184713376,240704,255.5244161358811
308,7183229,7625.508492569003,720753,765.1305732484077
309,5430658,5765.029723991507,460414,488.76220806794055
310,7388018,7842.906581740976,627604,666.2462845010616
311,5184737,5503.967091295117,616333,654.2813163481953
312,4348731,4616.487261146497,420688,446.59023354564755
313,5533037,5873.712314225053,552885,586.9267515923567
314,4002280,4248.704883227177,445010,472.40976645435245
315,3333890,3539.1613588110404,352465,374.1666666666667
316,7677532,8150.246284501061,702532,745.7876857749469
317,3346040,4414.300791556729,360336,475.37730870712403
318,5871619,6233.14118895966,513822,545.4585987261147
319,6105068,6480.963906581741,661449,702.1751592356688
320,11630218,12346.303609341825,1617489,1717.0796178343949
321,4647488,4933.63906581741,456662,484.7791932059448
322,3926557,4168.319532908705,428432,454.81104033970274
323,5737615,6090.886411889596,483870,513.6624203821656
324,4436629,4709.797239915074,562953,597.6146496815287
325,5051539,5362.567940552017,524314,556.5966029723992
326,3901936,4142.182590233546,326200,346.2845010615711
327,6012573,6382.773885350319,723138,767.6624203821656
328,3452551,3665.1284501061573,405391,430.35138004246284
329,5385006,5716.5668789808915,483386,513.1486199575371
330,3245811,3445.6592356687897,348645,370.11146496815286
331,4799307,5094.8057324840765,638940,678.28025477707
332,2908282,3087.348195329087,391168,415.2526539278132
333,7662181,8133.950106157113,993414,1054.5796178343949
334,4228712,4489.07855626327,437907,464.86942675159236
335,12541731,13313.93949044586,2246936,2385.2823779193204
336,10850316,11518.382165605095,1529043,1623.187898089172
337,3943779,4186.601910828025,299850,318.312101910828
338,5637222,5984.3121019108285,487915,517.9564755838641
339,3881031,4119.990445859873,513596,545.2186836518047
340,5084744,5397.817409766454,560590,595.1061571125265
341,4293485,4557.839702760085,584355,620.3343949044586
342,6895670,9097.189973614775,527685,696.1543535620053
343,5608306,5953.615711252654,546982,580.660297239915
344,6649189,7058.587048832272,893298,948.2993630573249
345,2836062,3741.506596306069,307503,405.6767810026385
346,5320960,5648.577494692145,482745,512.468152866242
347,3732856,3962.692144373673,300454,318.95329087048833
348,5255376,6933.213720316623,439128,579.3245382585752
349,5711451,6063.111464968153,580713,616.468152866242
350,5477257,5814.497876857749,413472,438.9299363057325
351,4710510,5000.541401273886,404164,429.0488322717622
352,5246710,5569.755838641189,499372,530.1188959660298
353,5255773,5579.376857749469,1349510,1432.6008492569001
354,6536263,6938.708067940552,549547,583.3832271762208
355,7172668,7614.297239915074,863704,916.8832271762208
356,4443882,4717.496815286624,338618,359.46709129511675
357,5986921,6355.542462845011,781188,829.2866242038217
358,8028461,8522.78237791932,874499,928.3428874734607
359,5337128,5665.740976645436,476709,506.06050955414014
360,5437400,5772.186836518047,593128,629.6475583864119
361,4888169,5189.13906581741,497502,528.1337579617834
362,7323168,7774.0636942675155,898633,953.9628450106158
363,5593213,5937.593418259024,734675,779.9097664543524
364,3510451,3726.5934182590236,437640,464.5859872611465
365,3378609,4457.267810026386,364655,481.07519788918205
366,4833475,5131.077494692145,468724,497.583864118896
367,4119323,4372.954352441614,425547,451.7484076433121
368,7526231,7989.629511677283,553908,588.0127388535032
369,5354973,5684.6847133757965,450860,478.619957537155
370,5959072,6325.9787685774945,495158,525.6454352441614
371,5380900,5712.208067940552,425185,451.36411889596604
372,6844455,7265.875796178344,591494,627.9129511677282
373,3520201,3736.943736730361,245955,261.0987261146497
374,5495584,5833.953290870489,650513,690.5658174097665
375,7148220,7588.343949044586,592001,628.4511677282378
376,6548133,6951.3089171974525,735270,780.5414012738853
377,6129725,6507.13906581741,760021,806.816348195329
378,4927020,5230.382165605096,755752,802.2845010615712
379,3059341,3247.708067940552,366551,389.119957537155
380,11261676,11955.070063694267,1075375,1141.5870488322719
381,7021213,7453.516985138004,752849,799.2027600849257
382,6228961,6612.485138004246,507968,539.2441613588111
383,13489879,14320.466029723992,1720249,1826.1666666666667
384,6937572,7364.726114649681,781105,829.1985138004246
385,4570779,6030.051451187335,407132,537.11345646438
386,6255013,6640.14118895966,502764,533.71974522293
387,7171744,7613.316348195329,915984,972.3821656050956
388,7990920,8482.929936305733,854131,906.7208067940552
389,8104523,8603.527600849256,992082,1053.1656050955414
390,9023552,9579.142250530786,832564,883.8259023354565
391,4392619,4663.077494692145,530324,562.9766454352441
392,5670675,6019.824840764331,559386,593.828025477707
393,4598489,4881.623142250531,457473,485.640127388535
394,6523885,6925.567940552017,516922,548.7494692144373
395,3107536,3298.870488322718,404811,429.7356687898089
396,7973232,8464.152866242039,840769,892.536093418259
397,4342834,4610.2271762208065,584418,620.4012738853503
398,4309274,4574.6008492569,481859,511.5276008492569
399,3457604,4561.482849604222,351419,463.61345646437996
400,6839152,7260.246284501061,938908,996.7176220806795
401,5480695,5818.147558386412,504539,535.604033970276
402,4569233,4850.565817409766,480033,509.5891719745223
403,5817980,6176.19957537155,573879,609.2133757961783
404,3631985,3855.6104033970278,433625,460.32377919320595
405,3521625,3738.455414012739,379921,403.31316348195327
406,4760515,5053.625265392781,369296,392.0339702760085
407,2417555,3189.38654353562,195715,258.19920844327174
408,3673481,3899.6613588110404,361353,383.6019108280255
409,4316867,4582.66135881104,424611,450.7547770700637
410,5019781,5328.8545647558385,624920,663.3970276008492
411,7133158,7572.3545647558385,547362,581.0636942675159
412,5661520,7469.023746701847,401013,529.0408970976254
413,4390211,5791.835092348285,553592,730.3324538258576
414,5020250,5329.352441613588,378114,401.3949044585987
415,4863171,5162.601910828025,406599,431.63375796178343
416,8633413,9164.981953290871,1096337,1163.839702760085
417,5946326,6312.447983014862,626318,664.8811040339702
418,4094061,4346.136942675159,428005,454.3577494692144
419,4163948,4420.326963906582,668016,709.1464968152866
420,2824092,3725.7150395778363,250784,330.8496042216359
421,7517189,7980.030785562632,795282,844.2484076433121
422,3574303,3794.3768577494693,364186,386.60934182590233
423,10200356,10828.403397027601,1776735,1886.1305732484077
424,5395164,5727.350318471337,602495,639.5912951167728
425,2512424,2667.1167728237792,337080,357.8343949044586
426,3948281,4191.381104033971,493761,524.1624203821656
427,4761741,6281.980211081795,480391,633.7612137203166
428,3910828,5159.403693931398,327530,432.0976253298153
429,3309752,4366.427440633245,267103,352.37862796833775
430,5369397,7083.637203166227,435346,574.335092348285
431,7419918,7876.770700636943,780912,828.9936305732484
432,8610571,9140.733545647558,1218907,1293.9564755838642
433,4621066,4905.590233545648,530762,563.4416135881104
434,6160800,8127.704485488127,461312,608.5910290237467
435,2553322,2710.532908704883,299263,317.68895966029726
436,4297398,4561.993630573248,481058,510.6772823779193
437,5746040,6099.830148619958,567017,601.9288747346072
438,4019904,4267.414012738854,408975,434.156050955414
439,5719235,6071.374734607219,693947,736.6740976645435
440,4006273,4252.943736730361,457624,485.8004246284501
441,4929786,5233.3184713375795,545030,578.5881104033971
442,3402587,3612.088110403397,358458,380.52866242038215
443,4095855,4348.041401273886,381307,404.7845010615711
444,9470625,10053.74203821656,1105765,1173.848195329087
445,6673717,7084.625265392781,1052928,1117.7579617834394
446,3842157,4078.7229299363057,494709,525.1687898089172
447,4161176,4417.384288747346,485603,515.5021231422505
448,6609087,7016.015923566879,577957,613.5424628450106
449,8789176,9330.335456475585,1198781,1272.591295116773
450,6830229,7250.773885350319,846853,898.9946921443736
451,4248112,4509.673036093418,358216,380.27176220806797
452,4037476,4286.067940552017,375007,398.0966029723991
453,6896821,7321.466029723992,811228,861.176220806794
454,4519416,4797.6815286624205,551135,585.0690021231422
455,5727571,6080.223991507431,359933,382.0944798301486
456,4822447,5119.370488322717,697454,740.3970276008492
457,3010824,3972.0633245382587,269133,355.05672823219
458,5921634,6286.235668789809,548787,582.5764331210191
459,7194572,7637.549893842887,886078,940.6348195329088
460,2914087,3093.5106157112527,269319,285.9012738853503
461,3759643,3991.1284501061573,370263,393.06050955414014
462,3769419,4001.5063694267515,472848,501.96178343949043
463,4747749,5040.073248407643,755184,801.6815286624204
464,8343864,8857.605095541401,1023585,1086.6082802547771
465,6062752,6436.042462845011,472261,501.3386411889597
466,6007933,6377.8481953290875,588740,624.9893842887474
467,10501035,11147.595541401273,1257034,1334.4309978768576
468,5229014,5550.970276008493,591594,628.0191082802547
469,9330742,9905.246284501061,1192174,1265.5774946921445
470,10174712,10801.180467091295,1377377,1462.183651804671
471,4422266,5834.12401055409,367107,484.31002638522426
472,4080447,4331.6847133757965,543274,576.723991507431
473,2767243,2937.6252653927813,378998,402.3333333333333
474,5885972,6248.377919320595,576183,611.6592356687898
475,5023680,5332.993630573248,761981,808.8970276008492
476,4564251,4845.277070063694,506843,538.0498938428875
477,3864914,5098.831134564643,279830,369.1688654353562
478,5336648,5665.231422505308,548324,582.0849256900212
479,8782548,9323.299363057326,1039144,1103.1252653927813
480,3869738,4108.002123142251,488793,518.8885350318471
481,4026351,4274.25796178344,372314,395.23779193205945
482,6517671,6918.971337579618,720149,764.4893842887474
483,3859771,4097.42144373673,507014,538.2314225053078
484,6050653,6423.198513800425,580053,615.7675159235669
485,3029769,3997.05672823219,261854,345.4538258575198
486,3323793,3528.4426751592355,405098,430.0403397027601
487,5487451,5825.319532908705,530591,563.26008492569
488,2890074,3068.019108280255,304193,322.9225053078556
489,5698967,6049.85881104034,506711,537.9097664543524
490,5131331,6769.565963060686,661634,872.868073878628
491,5242001,5564.756900212315,409706,434.932059447983
492,4825503,6366.098944591029,709936,936.5910290237467
493,6462326,6860.218683651805,629636,668.4033970276008
494,7205637,7649.296178343949,1016989,1079.6061571125265
495,4005216,4251.821656050955,306840,325.73248407643314
496,6059458,6432.545647558386,650918,690.995753715499
497,7077518,7513.288747346072,871875,925.5573248407643
498,4351844,5741.218997361478,550201,725.8588390501319
499,4006203,4252.869426751592,573176,608.4670912951168
500,3330211,4393.418205804749,246036,324.58575197889184
501,3345228,4413.229551451187,365618,482.34564643799473
502,8377408,8893.214437367304,1176212,1248.632696390658
503,5224595,5546.2791932059445,367061,389.6613588110403
504,5231756,5553.881104033971,747470,793.4925690021231
505,3711170,3939.670912951168,462013,490.4596602972399
506,5905867,6269.497876857749,655686,696.0573248407643
507,6587045,6992.616772823779,517083,548.9203821656051
508,5251735,5575.090233545648,514110,545.7643312101911
509,4783674,5078.210191082802,404802,429.7261146496815
510,6385260,6778.407643312102,656074,696.4692144373673
511,4439259,4712.589171974522,635509,674.6380042462845
512,4105679,5416.4630606860155,959539,1265.882585751979
513,14252406,15129.942675159236,1643527,1744.7208067940553
514,3580238,4723.269129287599,375667,495.6029023746702
515,7056301,7490.765392781316,575142,610.5541401273886
516,4579807,4861.790870488323,592467,628.9458598726114
517,4525491,4804.130573248408,494050,524.4692144373673
518,3653972,4820.543535620052,314185,414.49208443271766
519,4160155,4416.30042462845,438316,465.3036093418259
520,3033870,3220.668789808917,323837,343.776008492569
521,4036010,4284.511677282378,332238,352.69426751592357
522,5122860,6758.390501319262,394373,520.2810026385224
523,12175995,12925.684713375796,1397803,1483.867303609342
524,6793232,7211.498938428875,721100,765.4989384288747
525,8012460,8505.79617834395,685569,727.78025477707
526,8312841,8824.671974522293,1139140,1209.2781316348196
527,8383796,8899.995753715499,781383,829.4936305732484
528,8338762,8852.188959660298,744295,790.1220806794055
529,6133846,6511.513800424628,596775,633.5191082802547
530,4198697,4457.215498938429,680230,722.1125265392782
531,3843117,4079.7420382165606,470876,499.8683651804671
532,8487100,9009.660297239916,996269,1057.6104033970275
533,7505547,7967.671974522293,701034,744.1974522292994
534,4684684,6180.321899736147,354298,467.4116094986807
535,6322186,6711.450106157113,718716,762.968152866242
536,6484095,6883.328025477707,687884,730.2377919320594
537,4335799,4602.759023354564,469489,498.395966029724
538,3025475,3211.756900212314,445253,472.66772823779195
539,7035419,9281.555408970977,710498,937.3324538258576
540,3513672,4635.451187335092,243396,321.1029023746702
541,5235513,5557.869426751592,667668,708.7770700636943
542,3885411,5125.872031662269,330680,436.2532981530343
543,2179287,2313.4681528662422,187583,199.13269639065817
544,10993709,11670.604033970276,1439156,1527.7664543524415
545,8284865,8794.973460721869,799891,849.1411889596603
546,10726323,11386.754777070064,1271083,1349.3450106157113
547,3578049,4720.3812664907655,275078,362.89973614775727
548,3896082,4135.968152866242,307908,326.86624203821657
549,3639890,3864.0021231422506,429407,455.8460721868365
550,4665403,4952.657112526539,387883,411.76539278131634
551,5142553,5459.185774946922,774390,822.0700636942676
552,6030778,6402.099787685775,538809,571.984076433121
553,5468991,5805.722929936306,496306,526.864118895966
554,3513115,3729.4214437367305,428076,454.4331210191083
555,3223315,4252.394459102902,298433,393.71108179419525
556,5620964,5967.053078556263,650457,690.5063694267516
557,3410036,3619.9957537154987,525941,558.323779193206
558,2541355,2697.829087048832,355175,377.0435244161359
559,4588710,4871.24203821656,585217,621.2494692144373
560,10168806,10794.910828025477,1225287,1300.7292993630574
561,5385871,5717.485138004246,531991,564.7462845010616
562,16927322,17969.55626326964,2924960,3105.0530785562632
563,4278470,4541.900212314225,545236,578.8067940552017
564,4306402,4571.552016985138,380646,404.0828025477707
565,5169769,5488.077494692145,617215,655.2176220806795
566,3845237,4081.992569002123,427157,453.4575371549894
567,4083132,4334.535031847134,523036,555.23991507431
568,3809325,4043.8694267515925,323256,343.1592356687898
569,3543332,3761.4989384288747,511836,543.3503184713376
570,3533080,3750.615711252654,515535,547.2770700636943
571,4815991,6353.550131926121,358047,472.3575197889182
572,5345670,5674.8089171974525,443496,470.80254777070064
573,2472309,3261.6213720316623,208622,275.2269129287599
574,6913915,7339.612526539278,517928,549.8174097664544
575,3343994,4411.601583113456,307112,405.1609498680739
576,5474294,5811.352441613588,756615,803.2006369426751
577,3883479,4122.589171974522,457367,485.5276008492569
578,7356117,7809.041401273886,697049,739.9670912951168
579,6461297,6859.126326963907,709982,753.6963906581741
580,7994967,8487.226114649682,1256554,1333.9214437367305
581,4154967,4410.792993630574,457777,485.9628450106157
582,5492051,5830.202760084926,675115,716.6825902335456
583,3363288,3570.3694267515925,350283,371.8503184713376
584,3697954,3925.64118895966,338512,359.3545647558386
585,4449323,4723.2728237791935,676591,718.2494692144373
586,11742401,12465.393842887474,1832458,1945.284501061571
587,6020227,7942.251978891821,427184,563.5672823218997
588,4825215,5122.3089171974525,518339,550.2537154989384
589,3537175,3754.9628450106156,373858,396.8768577494692
590,3872700,4111.146496815287,304273,323.00743099787684
591,4429448,4702.174097664543,387507,411.36624203821657
592,3465390,3678.7579617834394,444038,471.37791932059446
593,7454238,7913.203821656051,965705,1025.164543524416
594,3258199,3458.8099787685774,358034,380.07855626326966
595,11774982,12499.980891719746,1382516,1467.6390658174098
596,3532562,3750.0658174097666,547535,581.2473460721868
597,3957495,4201.162420382166,566742,601.6369426751593
598,3665006,4835.100263852243,453190,597.8759894459102
599,7659466,8131.067940552017,686442,728.7070063694267
600,5485348,5823.087048832272,485495,515.3874734607218
601,3807976,4042.4373673036093,307941,326.9012738853503
602,4920431,5223.387473460722,479688,509.2229299363057
603,5297052,5623.197452229299,722465,766.947983014862
604,4953601,6535.093667546174,368077,485.589709762533
605,5466800,5803.3970276008495,395780,420.14861995753716
606,4577941,4859.809978768578,486724,516.692144373673
607,3051294,3239.165605095541,323807,343.744161358811
608,7275038,7722.970276008493,735209,780.4766454352441
609,3636230,3860.1167728237792,395622,419.9808917197452
610,3269954,3471.2887473460723,405391,430.35138004246284
611,3602813,4753.051451187335,305106,402.5145118733509
612,4246423,5602.141160949868,264263,348.63192612137203
613,5261587,5585.548832271762,782665,830.8545647558386
614,5140680,5457.197452229299,734125,779.3259023354565
615,7585401,8052.4426751592355,968524,1028.1571125265393
616,6611772,7018.866242038216,646898,686.7282377919321
617,4960149,5265.550955414013,448262,475.8619957537155
618,5334682,5663.144373673036,394848,419.1592356687898
619,2676841,3531.452506596306,266765,351.9327176781003
620,4835283,6379.001319261214,441221,582.0857519788918
621,4608739,4892.504246284501,628261,666.9437367303609
622,3385282,3593.7176220806796,337120,357.8768577494692
623,5473895,5810.928874734607,639137,678.4893842887474
624,5467853,5804.514861995754,531966,564.71974522293
625,4907852,5210.033970276008,480529,510.1157112526539
626,7318373,7768.973460721868,647107,686.9501061571125
627,4679168,4967.2696390658175,480797,510.40021231422503
628,4885169,5185.954352441614,598144,634.9723991507431
629,4760004,6279.688654353562,422113,556.877308707124
630,5403029,5735.69957537155,618196,656.2590233545648
631,4233841,4494.523354564756,500538,531.3566878980891
632,5510559,5849.850318471337,708433,752.052016985138
633,4482889,5914.101583113456,341963,451.13852242744065
634,5236366,5558.774946921444,507938,539.2123142250531
635,4609211,4893.005307855627,465439,494.0966029723991
636,3692957,4871.974934036939,445334,587.5118733509235
637,5415918,7145.010554089709,431086,568.7150395778364
638,3713936,4899.6517150395775,313767,413.94063324538257
639,3688329,3915.423566878981,378581,401.89065817409767
640,8984969,9538.183651804671,685137,727.3216560509554
641,4490386,4766.864118895966,419152,444.9596602972399
642,2845461,3020.6592356687897,373828,396.84501061571126
643,6267634,6653.539278131635,799871,849.119957537155
644,5537010,7304.76253298153,609472,804.0527704485488
645,8337410,8850.753715498939,1031306,1094.8046709129512
646,3126126,4124.176781002639,439386,579.664907651715
647,4527267,4806.015923566879,531153,563.8566878980891
648,5154013,5471.351380042463,478100,507.5371549893843
649,2873358,3050.2738853503183,301609,320.17940552016984
650,3975207,5244.336411609499,412899,544.721635883905
651,5932759,6298.045647558386,738819,784.3089171974523
652,5190629,5510.221868365181,532554,565.343949044586
653,4608178,4891.908704883227,389640,413.63057324840764
654,5050619,5361.591295116773,533663,566.5212314225053
655,6256703,6641.935244161359,535521,568.4936305732484
656,2534495,2690.546709129512,296129,314.3619957537155
657,4698459,4987.748407643312,594536,631.1422505307855
658,4719829,5010.434182590234,466330,495.0424628450106
659,4407938,4679.339702760085,535041,567.984076433121
660,2871525,3788.291556728232,309426,408.2137203166227
661,5503903,5842.784501061571,453009,480.9012738853503
662,6616587,7023.977707006369,604735,641.9692144373673
663,3623173,3846.255838641189,494265,524.6974522292994
664,3858158,4095.7091295116775,469879,498.8099787685775
665,6360621,6752.251592356688,975872,1035.9575371549895
666,5451906,5787.585987261146,508809,540.1369426751593
667,6879831,7303.429936305733,621178,659.4246284501062
668,7009629,7441.21974522293,906876,962.7133757961783
669,2807854,3704.2928759894457,245019,323.2440633245383
670,4092358,5398.8891820580475,435070,573.9709762532982
671,3691881,4870.555408970976,369379,487.3073878627968
672,6892942,7317.3481953290875,1083587,1150.3046709129512
673,5536916,5877.830148619958,452784,480.6624203821656
674,6112239,6488.576433121019,756535,803.1157112526539
675,3341266,3546.991507430998,350178,371.7388535031847
676,7057092,7491.605095541401,1549211,1644.5976645435244
677,4938047,6514.573878627968,396633,523.2625329815304
678,5686651,6036.784501061571,642924,682.5095541401274
679,7796037,8276.047770700638,832152,883.3885350318471
680,4080960,4332.229299363057,620159,658.3428874734607
681,2731676,2899.868365180467,375017,398.1072186836518
682,10557379,11207.408704883228,1656830,1758.8428874734607
683,7171315,7612.86093418259,688589,730.9861995753715
684,4802690,6336.002638522427,385149,508.11213720316624
685,5165199,5483.226114649681,477101,506.47664543524417
686,4875320,5175.498938428875,587900,624.0976645435244
687,6522150,6923.726114649681,572085,607.3089171974523
688,2820350,2994.0021231422506,284035,301.52335456475583
689,5503014,5841.84076433121,557206,591.5138004246285
690,4354600,4622.71762208068,617086,655.0806794055202
691,6521018,6922.524416135881,484001,513.8014861995754
692,5132377,5448.383227176221,620914,659.1443736730361
693,5160800,5478.556263269639,386231,410.01167728237795
694,5005559,6603.639841688654,482870,637.0316622691292
695,4201243,4459.918259023355,400312,424.9596602972399
696,6154509,6533.449044585987,780542,828.6008492569002
697,8301159,8812.270700636942,782616,830.8025477707006
698,12202270,12953.577494692145,1518304,1611.787685774947
699,6373219,6765.625265392781,749312,795.447983014862
700,3297857,3500.9097664543524,399042,423.61146496815286
701,3594522,4742.11345646438,391641,516.6767810026386
702,2720610,3589.195250659631,215970,284.9208443271768
703,2563326,2721.1528662420383,274642,291.552016985138
704,8138397,8639.487261146496,843720,895.6687898089172
705,6206501,6588.6422505307855,747320,793.3333333333334
706,3572311,4712.811345646438,326197,430.3390501319261
707,6481071,6880.117834394904,711970,755.8067940552017
708,3145529,3339.2027600849256,325392,345.4267515923567
709,7751342,8228.6008492569,1017426,1080.0700636942674
710,2828018,3730.8944591029026,232122,306.2295514511873
711,4307666,5682.936675461741,318552,420.2532981530343
712,3994137,5269.310026385224,357449,471.56860158311343
713,8349365,8863.444798301487,1023424,1086.4373673036093
714,3538417,3756.281316348195,257282,273.1231422505308
715,5037090,5347.229299363057,524113,556.3832271762208
716,3556025,4691.325857519789,282580,372.7968337730871
717,4325705,4592.043524416136,435789,462.6210191082803
718,6178736,6559.167728237792,667942,709.067940552017
719,3348602,4417.68073878628,284100,374.802110817942
720,5618245,5964.166666666667,562504,597.1380042462845
721,6015956,6386.365180467092,592864,629.3673036093418
722,7711931,8186.763269639066,1241124,1317.5414012738854
723,5492073,5830.226114649681,442701,469.95859872611464
724,5307253,5634.026539278132,544604,578.135881104034
725,4505981,4783.41932059448,466760,495.49893842887474
726,8617965,9148.582802547771,830336,881.4607218683652
727,3537376,3755.176220806794,353663,375.4384288747346
728,4075915,4326.873673036093,355913,377.82696390658174
729,8217604,8723.571125265393,843139,895.052016985138
730,6315412,6704.259023354564,771672,819.1847133757962
731,7177402,7619.322717622081,737912,783.3460721868365
732,5135916,5452.140127388535,584069,620.0307855626327
733,14067158,14933.288747346072,3206058,3403.458598726115
734,4658828,4945.677282377919,440954,468.104033970276
735,4304462,4569.492569002123,424583,450.72505307855624
736,3261815,4303.186015831135,316774,417.9076517150396
737,4765845,5059.283439490446,699863,742.9543524416135
738,6628200,7036.3057324840765,546636,580.2929936305733
739,5944868,7842.833773087072,476019,627.9934036939314
740,5449956,5785.515923566879,397647,422.13057324840764
741,5973663,6341.468152866242,721461,765.8821656050956
742,6252167,6637.119957537155,679893,721.7547770700637
743,2976940,3160.2335456475585,326296,346.3864118895966
744,4511526,5951.8812664907655,505061,666.3073878627969
745,5849281,6209.427813163482,553511,587.5912951167728
746,4716888,5007.3121019108285,397568,422.04670912951167
747,6261174,6646.6815286624205,547051,580.7335456475583
748,4469650,4744.851380042463,379885,403.27494692144376
749,4042901,4291.826963906582,495780,526.3057324840764
750,3108353,4100.729551451187,250543,330.5316622691293
751,3284432,3486.6581740976644,446946,474.4649681528662
752,4091043,4342.9331210191085,357872,379.90658174097666
753,6785308,7203.087048832272,595402,632.0615711252653
754,6324001,6713.376857749469,755067,801.5573248407643
755,8187392,8691.498938428875,699323,742.3811040339702
756,12911782,13706.774946921443,1827980,1940.5307855626327
757,4832775,5130.334394904458,416360,441.99575371549895
758,3768116,4000.1231422505307,492895,523.2430997876858
759,5460897,5797.130573248408,603295,640.4405520169852
760,5935009,6300.434182590234,953570,1012.2823779193205
761,6843911,7265.298301486199,780038,828.0658174097665
762,2965697,3148.2983014861998,297292,315.5966029723991
763,4802197,5097.873673036093,459640,487.9405520169851
764,2714404,2881.532908704883,303938,322.65180467091295
765,6609836,7016.811040339703,552225,586.2261146496816
766,3809093,5025.188654353562,329475,434.66358839050133
767,4722348,5013.108280254777,482393,512.0944798301487
768,10185601,10812.73991507431,1054827,1119.7738853503186
769,10198000,10825.902335456476,2902351,3081.052016985138
770,5046197,5356.8970276008495,571210,606.380042462845
771,4181091,5515.951187335092,428572,565.3984168865435
772,2804862,2977.56050955414,382210,405.74309978768576
773,4464281,4739.1518046709125,618439,656.5169851380042
774,4307095,4572.287685774947,559318,593.7558386411889
775,5405733,7131.573878627968,386321,509.65831134564644
776,3728530,3958.099787685775,414825,440.36624203821657
777,3109262,3300.7027600849256,273048,289.859872611465
778,3670582,4842.456464379948,497906,656.868073878628
779,5560247,5902.597664543525,546065,579.6868365180467
780,5106807,5421.238853503185,615416,653.307855626327
781,3839505,4075.9076433121018,524908,557.2271762208068
782,4275775,4539.039278131635,399793,424.4087048832272
783,5364665,5694.973460721868,530718,563.3949044585987
784,6038270,6410.053078556263,642805,682.3832271762208
785,5072473,5384.790870488323,437324,464.25053078556266
786,2779666,2950.8131634819533,431356,457.91507430997876
787,7977175,8468.33864118896,890735,945.5785562632697
788,14082141,14949.194267515924,1346835,1429.7611464968154
789,2626269,2787.9713375796177,364576,387.02335456475583
790,5820810,6179.203821656051,532923,565.7356687898089
791,5973977,6341.801486199575,631301,670.1709129511677
792,5756322,6110.745222929936,538855,572.0329087048832
793,3764223,3995.9904458598726,356672,378.63269639065817
794,2405374,2553.475583864119,407027,432.088110403397
795,3547312,3765.723991507431,364026,386.43949044585986
796,5643678,5991.165605095542,520214,552.2441613588111
797,2617520,3453.192612137203,257816,340.12664907651714
798,5825254,6183.92144373673,702461,745.7123142250531
799,7708195,8182.797239915074,700034,743.135881104034
800,4157860,4413.864118895966,388966,412.91507430997876
801,3798660,4032.547770700637,371915,394.81422505307853
802,5363403,5693.633757961784,410025,435.27070063694265
803,4650665,4937.011677282378,378421,401.7208067940552
804,3061600,4039.0501319261216,273928,361.38258575197887
805,3784390,4992.598944591029,356051,469.7242744063324
806,4234755,5586.748021108179,326751,431.06992084432716
807,7669453,8141.669851380042,767032,814.2590233545648
808,5687084,6037.244161358811,469085,497.96709129511675
809,7317626,7768.180467091295,624924,663.4012738853503
810,4619798,4904.244161358811,380807,404.25371549893845
811,3239518,3438.9787685774945,535292,568.2505307855627
812,4966087,5271.8545647558385,605630,642.9193205944798
813,4514925,4792.914012738854,505237,536.3450106157112
814,6628829,7036.973460721868,543698,577.1740976645435
815,5222211,6889.460422163588,507202,669.131926121372
816,3998667,4244.869426751592,578506,614.1252653927813
817,17057867,18108.13906581741,2454370,2605.488322717622
818,4772357,5066.196390658174,496141,526.6889596602972
819,4775423,5069.451167728238,423324,449.38853503184714
820,7517399,9917.412928759895,677726,894.0976253298153
821,5438993,5773.877919320595,667296,708.3821656050956
822,6066329,6439.839702760085,499161,529.8949044585987
823,4549069,4829.160297239915,446881,474.395966029724
824,5358101,5688.005307855627,676454,718.104033970276
825,2838137,3744.2440633245383,334048,440.69656992084435
826,6859209,7281.53821656051,598363,635.2048832271762
827,10000214,10615.938428874735,1302475,1382.6698513800425
828,4055958,4305.6878980891715,457911,486.1050955414013
829,4624043,4908.750530785563,617709,655.7420382165606
830,4816406,5112.957537154989,410638,435.92144373673034
831,9884733,10493.347133757961,1228453,1304.0902335456476
832,5115779,5430.763269639066,433019,459.6804670912951
833,4293342,4557.6878980891715,394316,418.5944798301486
834,4600937,4884.221868365181,501318,532.1847133757962
835,3979293,4224.302547770701,505659,536.7929936305733
836,4606682,4890.32059447983,554940,589.108280254777
837,2608765,2769.3895966029722,345575,366.8524416135881
838,6246047,6630.623142250531,639466,678.8386411889596
839,4019692,4267.188959660297,507297,538.531847133758
840,5738112,6091.414012738854,827775,878.7420382165606
841,2318635,2461.395966029724,321495,341.28980891719743
842,11553523,15242.114775725593,714829,943.0461741424803
843,7423466,7880.537154989384,875136,929.0191082802547
844,3255217,3455.644373673036,353844,375.63057324840764
845,3746964,3977.668789808917,277736,294.8365180467091
846,7185993,7628.4426751592355,673539,715.0095541401274
847,5518727,5858.5212314225055,784345,832.6380042462845
848,5059150,5370.647558386412,574672,610.0552016985138
849,6393691,6787.3577494692145,697085,740.0053078556264
850,4787781,5082.570063694267,504159,535.2006369426751
851,3392054,4475.005277044855,292151,385.4234828496042
852,3597687,3819.2006369426754,456050,484.1295116772824
853,7181892,7624.089171974522,792735,841.5445859872611
854,5130172,5446.042462845011,530973,563.6656050955414
855,4477596,4753.286624203822,477358,506.74946921443734
856,5599626,5944.401273885351,750983,797.2218683651805
857,5815578,6173.649681528663,720850,765.2335456475583
858,2957986,3902.3562005277045,260058,343.0844327176781
859,4667332,6157.4300791556725,451729,595.9485488126649
860,4521003,4799.366242038216,572462,607.7091295116772
861,2674267,2838.924628450106,389298,413.26751592356686
862,6715065,7128.519108280255,876626,930.6008492569002
863,6836861,7257.814225053078,814889,865.0626326963907
864,3316575,3520.7802547770702,456851,484.97983014861995
865,5894369,6257.291932059448,496348,526.9087048832272
866,5368119,5698.640127388535,379569,402.93949044585986
867,3809715,4044.2834394904457,360886,383.10615711252655
868,7480652,7941.244161358811,509296,540.6539278131635
869,4659180,4946.050955414013,678666,720.452229299363
870,5349346,5678.711252653928,670529,711.8142250530785
871,4889449,5190.497876857749,374591,397.65498938428874
872,6649861,7059.30042462845,640124,679.5371549893842
873,2990009,3174.107218683652,355880,377.79193205944796
874,3593615,3814.8779193205946,399658,424.26539278131634
875,3943035,4185.8121019108285,366310,388.86411889596604
876,7069345,7504.612526539278,779006,826.9702760084925
877,5103191,5417.400212314225,704036,747.3842887473461
878,6801666,7220.452229299363,620669,658.8842887473461
879,2340576,3087.831134564644,216037,285.00923482849606
880,5832985,6192.128450106157,614028,651.8343949044586
881,3274150,3475.743099787686,483296,513.0530785562632
882,5081054,5393.900212314225,647761,687.6443736730361
883,3714779,3943.5021231422506,391539,415.64649681528664
884,3443958,4543.480211081795,329703,434.96437994722953
885,4235932,4496.743099787685,565894,600.7367303609342
886,5018882,5327.900212314225,474412,503.62208067940554
887,5317050,5644.426751592357,445543,472.9755838641189
888,6271013,6657.126326963907,582833,618.7186836518047
889,3232661,3431.69957537155,353304,375.05732484076435
890,3563801,4701.584432717678,276589,364.89313984168865
891,6189692,6570.798301486199,851629,904.0647558386412
892,5927347,6292.30042462845,608437,645.8991507430998
893,3978679,5248.916886543536,514925,679.320580474934
894,6529198,6931.208067940552,797763,846.8821656050956
895,7248912,7695.235668789809,685097,727.2791932059448
896,5439130,5774.023354564756,852792,905.2993630573249
897,2717511,2884.831210191083,268885,285.4405520169851
898,5173270,5491.794055201699,555939,590.1687898089172
899,4109286,4362.299363057325,438759,465.7738853503185
900,3635287,4795.893139841689,341494,450.5197889182058
901,5669137,6018.192144373673,500746,531.5774946921443
902,3039385,4009.7427440633246,391201,516.0963060686016
903,7300878,9631.765171503957,508657,671.0514511873351
904,3742423,4937.2335092348285,319701,421.76912928759896
905,6645066,7054.210191082802,987344,1048.135881104034
906,8535775,9061.332271762209,992530,1053.6411889596602
907,4884914,5185.683651804671,646047,685.8248407643312
908,3307400,3511.04033970276,283561,301.02016985138005
909,6512493,8591.679419525066,619197,816.8825857519789
910,4452869,4727.037154989384,447385,474.93099787685776
911,7749768,8226.929936305733,712986,756.8853503184713
912,4520528,4798.861995753716,594778,631.3991507430998
913,6900317,7325.177282377919,902068,957.6093418259023
914,7453259,7912.164543524416,888608,943.3205944798301
915,3942303,5200.927440633245,319510,421.51715039577834
916,4176608,4433.7664543524415,546736,580.3991507430998
917,5221594,5543.093418259024,577462,613.0169851380042
918,4046072,4295.193205944798,431296,457.85138004246284
919,3438093,4535.742744063325,420199,554.3522427440633
920,3585330,4729.986807387862,361808,477.3192612137203
921,7389638,7844.626326963907,853783,906.3513800424629
922,5739531,6092.920382165605,552904,586.9469214437368
923,4167230,4423.811040339703,501835,532.7335456475583
924,3702496,3930.4628450106156,350663,372.25371549893845
925,5147464,5464.3991507431,921935,978.6995753715499
926,5655998,6004.244161358811,422709,448.7356687898089
927,5059388,5370.900212314225,672726,714.1464968152866
928,6243438,6627.853503184713,539545,572.7653927813163
929,4559231,4839.947983014862,557548,591.8768577494692
930,5569973,5912.922505307855,911976,968.1273885350319
931,3140234,3333.5817409766455,386489,410.2855626326964
932,4607215,6078.120052770449,455455,600.8641160949868
933,5718554,6070.6518046709125,706128,749.6050955414013
934,5268860,5593.2696390658175,529417,562.0138004246285
935,4430153,4702.922505307855,470734,499.7176220806794
936,5496846,5835.292993630574,694390,737.1443736730361
937,5648895,5996.703821656051,457265,485.4193205944798
938,7375962,7830.108280254777,755547,802.0668789808917
939,4656745,4943.466029723992,449101,476.7526539278132
940,5657022,6005.331210191082,579554,615.2377919320594
941,3129057,4128.043535620052,344647,454.67941952506595
942,4731583,5022.911889596603,367396,390.01698513800426
943,5428994,5763.263269639066,471937,500.9946921443737
944,6217518,6600.337579617834,963947,1023.2983014861995
945,3429965,3641.151804670913,416215,441.8418259023355
946,3274470,3476.082802547771,414924,440.47133757961785
947,6470539,6868.93736730361,879169,933.3004246284501
948,6437314,6833.666666666667,1589133,1686.9777070063694
949,4194405,4452.65923566879,389579,413.56581740976645
950,4450296,4724.3057324840765,435793,462.62526539278133
951,6058267,6431.281316348195,559971,594.4490445859873
952,4085326,5389.612137203167,329797,435.0883905013193
953,4162942,4419.259023354564,424309,450.43418259023355
954,5426552,5760.670912951167,705305,748.7314225053078
955,3676529,3902.8970276008495,355771,377.67622080679405
956,2992188,3176.420382165605,385118,408.8301486199575
957,6192726,6574.019108280255,666924,707.9872611464968
958,3327635,3532.5212314225055,441182,468.3460721868365
959,5528325,5868.710191082802,583763,619.7059447983015
960,5251132,5574.450106157113,431941,458.53609341825904
961,5080588,5393.405520169851,536603,569.6422505307855
962,5125011,5440.5636942675155,696101,738.9607218683652
963,8385406,8901.704883227176,791630,840.3715498938429
964,7534699,7998.618895966029,1077174,1143.4968152866243
965,6626600,7034.607218683652,707184,750.7261146496816
966,3753283,3984.3768577494693,475390,504.66029723991505
967,6731473,7145.93736730361,719270,763.5562632696391
968,5609742,5955.140127388535,683254,725.3227176220806
969,2645117,2807.97983014862,452346,480.19745222929936
970,2573975,2732.4575371549895,312532,331.77494692144376
971,6392792,6786.4033970276005,761659,808.5552016985138
972,2402627,2550.5594479830147,272238,289.0
973,5017528,5326.462845010616,615311,653.1963906581741
974,7178474,9470.282321899736,971204,1281.2717678100264
975,6010559,6380.635881104034,579446,615.1231422505308
976,5433498,5768.044585987262,559119,593.5445859872611
977,2974291,3923.8667546174142,318092,419.64643799472293
978,5626588,5973.023354564756,757830,804.4904458598726
979,4898808,5200.4331210191085,497651,528.291932059448
980,5468281,5804.969214437368,432164,458.77282377919323
981,5700952,6051.966029723992,588296,624.5180467091295
982,6285458,6672.460721868365,539497,572.7144373673036
983,7941077,8430.018046709129,1068066,1133.8280254777071
984,4708162,4998.048832271762,574511,609.8842887473461
985,6516900,6918.152866242038,601984,639.0488322717622
986,4802035,5097.701698513801,639283,678.6443736730361
987,5368327,5698.86093418259,680093,721.9670912951168
988,3683288,3914.2274176408077,566446,601.96174282678
989,3260812,4301.862796833773,356745,470.63984168865437
990,4999125,5306.926751592357,447315,474.85668789808915
991,4484520,4760.636942675159,418129,443.8736730360934
992,4452757,4726.918259023355,546190,579.8195329087049
993,5942063,6307.922505307855,587207,623.3619957537155
994,3536283,3754.015923566879,344327,365.5276008492569
995,7226190,7671.114649681529,614734,652.5838641188959
996,4993206,5300.643312101911,534380,567.2823779193205
997,4028334,4276.363057324841,322024,341.85138004246284
998,3354263,3560.7887473460723,415133,440.6932059447983
999,7163321,7604.374734607219,515113,546.8290870488323
1000,4635525,6115.468337730871,423675,558.9379947229552
1001,4239004,4500.004246284501,485624,515.5244161358811
1002,4753790,5046.486199575372,562417,597.0456475583865
1003,5751204,6105.3121019108285,602250,639.3312101910828
1004,3212907,4238.663588390501,281082,370.82058047493405
1005,4834459,5132.122080679405,729683,774.6104033970277
1006,4970130,5276.146496815287,675677,717.2791932059448
1007,5485024,5822.743099787685,639858,679.2547770700637
1008,4179585,4436.926751592357,561855,596.4490445859873
1009,2968299,3915.9617414248023,284969,375.9485488126649
1010,6957339,7385.710191082802,633057,672.0350318471337
1011,6137147,6515.0180467091295,734852,780.0976645435244
1012,3762920,4964.2744063324535,321582,424.25065963060683
1013,3110984,3302.530785562633,345207,366.46178343949043
1014,9509102,10094.588110403398,1051375,1116.1093418259024
1015,4705183,4994.886411889596,383638,407.25902335456476
1016,4213934,4473.390658174098,389650,413.64118895966027
1017,5539437,5880.506369426752,781115,829.2091295116772
1018,9187204,9752.870488322718,1063112,1128.5690021231424
1019,5651236,7455.456464379948,469473,619.3575197889182
1020,7054345,7488.688959660297,866840,920.2123142250531
1021,6835866,7256.75796178344,817747,868.0966029723992
1022,5706179,6057.514861995754,641135,680.6104033970277
1023,4799042,5094.524416135881,491531,521.7951167728238
1024,4810209,5106.37898089172,615780,653.6942675159236
1025,5762189,6116.973460721868,672559,713.9692144373673
1026,7397085,7852.531847133758,919445,976.0562632696391
1027,8163847,10770.246701846965,1032892,1362.6543535620053
1028,3686723,3913.718683651805,425786,452.0021231422505
1029,4224868,4484.997876857749,591023,627.4129511677282
1030,2816323,2989.727176220807,258896,274.8365180467091
1031,3773364,4005.6942675159235,325598,345.6454352441614
1032,7172255,7613.85881104034,752136,798.4458598726114
1033,10870270,11539.56475583864,1018597,1081.3131634819533
1034,5072945,5385.291932059448,568150,603.1316348195329
1035,3803794,4037.9978768577494,450423,478.156050955414
1036,3884252,4123.409766454352,367372,389.9915074309979
1037,5387026,5718.711252653928,681679,723.6507430997876
1038,3668097,4839.178100263853,319358,421.3166226912929
1039,6307879,6696.26220806794,799824,849.0700636942676
1040,6775360,7192.526539278132,674734,716.2781316348195
1041,3801487,5015.154353562005,408015,538.278364116095
1042,3218244,3416.394904458599,426002,452.2314225053079
1043,6858406,7280.685774946922,941445,999.4108280254777
1044,5145309,5462.111464968153,695225,738.0307855626327
1045,6654188,7063.8938428874735,808163,857.9225053078557
1046,6784716,7202.458598726114,533570,566.4225053078557
1047,3791124,4024.547770700637,407902,433.01698513800426
1048,5392653,5724.6847133757965,416229,441.85668789808915
1049,2478906,3270.324538258575,395752,522.1002638522427
1050,5771211,6126.550955414013,404342,429.23779193205945
1051,5737921,6091.211252653928,770860,818.3227176220806
1052,5662859,6011.5276008492565,588984,625.2484076433121
1053,7002929,7434.107218683652,791662,840.4055201698513
1054,4730838,5022.12101910828,483709,513.4915074309979
1055,6197127,6578.6910828025475,775488,823.2356687898089
1056,2415557,3186.750659630607,230408,303.9683377308707
1057,5036413,5346.510615711252,502083,532.9968152866242
1058,5658141,6006.519108280255,546009,579.6273885350319
1059,6604849,7011.516985138004,904541,960.2346072186837
1060,5707977,6059.423566878981,660675,701.3535031847134
1061,5732970,6085.955414012738,431026,457.5647558386412
1062,4990259,5297.514861995754,461502,489.9171974522293
1063,3348689,3554.8715498938427,416261,441.89065817409767
1064,7365896,7819.422505307855,831862,883.0806794055202
1065,2611257,3444.930079155673,301834,398.197889182058
1066,8626583,9157.731422505309,877097,931.1008492569002
1067,3580348,4723.4142480211085,305012,402.3905013192612
1068,3451074,3663.56050955414,240516,255.3248407643312
1069,4930721,5234.311040339703,621457,659.7208067940552
1070,5515214,5854.791932059448,680475,722.3726114649681
1071,4725345,5016.289808917198,571238,606.4097664543524
1072,5314269,5641.474522292993,500175,530.9713375796179
1073,5668621,6017.644373673036,715327,759.3704883227176
1074,4014070,4261.2208067940555,433374,460.05732484076435
1075,9004545,9558.964968152866,856724,909.4734607218684
1076,2820000,2993.6305732484075,424905,451.0668789808917
1077,3497529,3712.875796178344,386337,410.12420382165607
1078,5289878,5615.581740976645,406860,431.9108280254777
1079,6783229,7200.880042462845,538364,571.511677282378
1080,6338656,8362.343007915568,523432,690.5435356200528
1081,4485164,4761.32059447983,709444,753.1252653927813
1082,5494934,5833.263269639066,807063,856.7547770700637
1083,4019314,4266.787685774947,281668,299.0106157112526
1084,4904211,5206.168789808918,631824,670.7261146496816
1085,5932711,6297.994692144373,596091,632.7929936305733
1086,5996057,6365.240976645436,655364,695.7154989384288
1087,4925247,5228.5,482537,512.2473460721868
1088,3960984,4204.866242038216,377930,401.1995753715499
1089,7915233,8402.582802547771,781006,829.0934182590233
1090,5033396,5343.307855626327,612815,650.5467091295117
1091,6488655,6888.168789808918,546598,580.2526539278132
1092,7439455,9814.584432717678,724644,955.9947229551451
1093,6504285,6904.761146496815,678171,719.9267515923567
1094,2845473,3753.9221635883905,232530,306.76781002638523
1095,3739067,3969.2855626326964,530065,562.7016985138005
1096,4250632,4512.3481953290875,493156,523.52016985138
1097,9179413,9744.599787685775,2280508,2420.9214437367305
1098,4102408,4354.997876857749,553080,587.1337579617834
1099,6914599,7340.33864118896,875095,928.9755838641189
1100,4167374,4423.963906581741,514503,546.1815286624204
1101,7818257,8299.635881104034,774945,822.6592356687898
1102,4353993,5744.054089709763,439429,579.721635883905
1103,3920264,4161.63906581741,301204,319.74946921443734
1104,3397012,4481.546174142481,268215,353.84564643799473
1105,3555802,3774.736730360934,397318,421.78131634819533
1106,3836971,4073.2176220806796,437169,464.0859872611465
1107,3882362,5121.849604221636,416495,549.4656992084433
1108,4482599,4758.597664543525,460408,488.755838641189
1109,3064721,4043.1675461741424,281354,371.17941952506595
1110,3548486,3766.9702760084924,422958,449.0
1111,4091076,4342.968152866242,351883,373.5488322717622
1112,7974294,8465.28025477707,653276,693.4989384288747
1113,5196242,5516.180467091295,562151,596.7632696390658
1114,16202585,17200.196390658173,2509542,2664.0573248407645
1115,4922229,5225.296178343949,337884,358.687898089172
